{"fit": [0.15133200376828512, 0.15135072367986044, 0.15133503758907318, 0.15136887572606406, 0.15138772614796955, 0.15134743099212647, 0.15139682553609213, 0.15139601340293884, 0.1513888246536255, 0.15136681289672851, 0.15137436877091726, 0.15136239732106527, 0.15142517742315928, 0.1514009578227997, 0.15140937580267588, 0.15130294664700825, 0.15141279961268106, 0.1514039679288864, 0.15136237879594167, 0.15136795529524485, 0.15139924774169922, 0.15135011829535167, 0.15137851360638938, 0.15142629268169402, 0.15138033432165782, 0.1513259297768275, 0.15138946106433868, 0.1513474621216456, 0.15138480253219605, 0.1513072724978129, 0.1513599931637446, 0.15139238288402557, 0.1513861542224884, 0.15139766954580944, 0.15142690829435984, 0.15139254837830862, 0.1513815094947815, 0.1513896517276764, 0.15139350287914277, 0.1514423582156499, 0.15139533281326295, 0.15136642320950827, 0.15140943389733633, 0.15139988950093589, 0.15138749486605327, 0.15137964080969493, 0.15136753108501436, 0.15139829223950704, 0.15134353285630545, 0.15141470204989116, 0.15139808204968772, 0.1513737225850423, 0.15137623402277628, 0.15140373833179474, 0.15144572757085165, 0.15136153536637625, 0.1513844289779663, 0.15133225151697793, 0.1513765286922455, 0.15136962240537008, 0.15137469730377198, 0.15138051841259004, 0.15132672297954558, 0.15142323366800944, 0.15133736516634624, 0.15139255918661754, 0.15135926730632782, 0.15143792381286622, 0.15140652508735658, 0.15139049154122672, 0.15132387728691102, 0.1514295283238093, 0.15134085703690847, 0.1514086377620697, 0.15144185470740001, 0.15136671202977497, 0.15136664923032125, 0.15140032852490742, 0.15140500526428222, 0.15141399686336518, 0.15137934449513754, 0.15142026049296062, 0.1513724477847417, 0.1513223662932714, 0.1513062833706538, 0.15138976419766745, 0.15136361195246378, 0.15141102685133617, 0.1513774260520935, 0.15135824143886567, 0.1514282618602117, 0.15138228667577108, 0.15135105361938478, 0.15140481803417205, 0.15139118785063427, 0.1514181528488795, 0.15135353662967682, 0.15139995136260986, 0.15139741762479147, 0.15137437048753102], "fit_val": [0.048466340065002445, 0.048516214847564694, 0.04845833539962768, 0.04844621419906616, 0.04846014881134033, 0.048448235034942624, 0.0484863395690918, 0.04850363540649414, 0.04844762325286865, 0.04847197103500366, 0.04847353029251099, 0.04845458936691284, 0.04840467262268067, 0.04849339866638184, 0.04848426914215088, 0.04849013471603394, 0.04849926948547363, 0.04848595428466797, 0.0484929928779602, 0.0484605507850647, 0.04850249147415161, 0.048413334846496583, 0.048490122318267825, 0.048486677169799805, 0.048503921508789065, 0.04848289585113525, 0.04849497604370117, 0.04849643468856812, 0.04844261789321899, 0.04846832323074341, 0.04848687362670898, 0.04845243740081787, 0.04849053907394409, 0.048487412929534915, 0.048441346645355224, 0.04842517375946045, 0.04847428321838379, 0.048464353561401365, 0.04845594120025635, 0.04846866512298584, 0.04850484037399292, 0.04848284101486206, 0.04848557186126709, 0.04851045274734497, 0.04850456476211548, 0.04846382617950439, 0.04845341730117798, 0.04849337434768677, 0.048474303245544435, 0.04847591638565064, 0.048473573207855225, 0.04848619270324707, 0.0484729151725769, 0.04848886775970459, 0.0484833664894104, 0.048453586101531984, 0.048464524745941165, 0.04849705743789673, 0.04850164842605591, 0.04853984022140503, 0.04847605991363525, 0.04852274656295776, 0.0485024094581604, 0.048475151538848876, 0.04849294471740723, 0.0484599347114563, 0.048499741554260255, 0.04844752502441406, 0.04851063251495361, 0.04847271490097046, 0.048517409324645995, 0.04842698431015015, 0.04850250434875488, 0.048469858169555666, 0.048463043212890626, 0.04847854137420654, 0.04846245098114014, 0.048476231575012206, 0.048496522903442384, 0.048435431957244875, 0.04845128679275513, 0.04848197317123413, 0.04845564270019531, 0.04850226783752441, 0.048482662200927736, 0.048462939262390134, 0.048484833240509034, 0.048510934829711916, 0.04845060253143311, 0.04848638439178467, 0.04847330617904663, 0.04850126600265503, 0.04850940465927124, 0.04851721334457398, 0.04851175212860107, 0.04846569871902466, 0.04847913074493408, 0.048483691692352296, 0.04844276762008667, 0.04845573139190674], "fit_reg": [0.14444432289600373, 0.14333842555681864, 0.1431643125295639, 0.143154278477033, 0.14306148937543234, 0.14302157332102458, 0.1430670053243637, 0.14302932546138764, 0.1430415898402532, 0.14307288850943248, 0.1430564839442571, 0.14303509964148203, 0.14311475013891856, 0.14306158497333527, 0.14306241802374522, 0.1429928372701009, 0.14313354839483897, 0.14310552163918813, 0.14306853071053824, 0.14302568431695303, 0.14305412398179373, 0.143017116467158, 0.14310411405563356, 0.14316278876463573, 0.1431079126437505, 0.14302422522703806, 0.14306857109864554, 0.1430159106095632, 0.14305800539652508, 0.1430115092277527, 0.14303624676863352, 0.14306315015951793, 0.14301959824562072, 0.14303093831539154, 0.14306886847813924, 0.14307299609184265, 0.1430552356004715, 0.1430389013449351, 0.14301643772919972, 0.1430801074107488, 0.14303374458154042, 0.1430427676598231, 0.14305190205574037, 0.14303898433844248, 0.14300373174349468, 0.14300607070922852, 0.14299762590726217, 0.14307153152624766, 0.14300852697690328, 0.14304123760859172, 0.14300304170449574, 0.142991024295489, 0.14299374554951985, 0.14305688546498616, 0.14308758783340453, 0.14299433705806733, 0.14301033591429393, 0.14295882155895234, 0.14298713369369506, 0.14303743666013083, 0.14302256769339244, 0.14301211252212526, 0.142958181031545, 0.14302912033398946, 0.14294888161818187, 0.1430595932006836, 0.14300582180023194, 0.1430592235883077, 0.1430270877599716, 0.14300438312689465, 0.14294783987204235, 0.14309614868958792, 0.1429628822962443, 0.1430333335717519, 0.1430648998816808, 0.1429796502908071, 0.1429906928618749, 0.14306614247163138, 0.1430200313250224, 0.14303249299526213, 0.14300284643173217, 0.1430023903210958, 0.1430126059691111, 0.14298630418777467, 0.1429217026233673, 0.1430057025750478, 0.14300661431948344, 0.14301336536407472, 0.14305690711339314, 0.1429994822502136, 0.14303279536565144, 0.14302132228215536, 0.14297541489601134, 0.1430286364396413, 0.14304835578600567, 0.14302286699612934, 0.14295172913869222, 0.14300243639151256, 0.14300020935535432, 0.14301545026302337],