{"fit": [0.023361767875154812, 0.02267361516157786, 0.022582721423109374, 0.022654993969202043, 0.022689889033635457, 0.0227395866215229, 0.022778804525732995, 0.02274975955983003, 0.022844347962737082, 0.02284325985511144, 0.022892262437939643, 0.02291231607198715, 0.02295568268597126, 0.0231839875181516, 0.023020367130637168, 0.022991180842121442, 0.02293805221815904, 0.023080595979094506, 0.023206567656000456, 0.023280977247158687, 0.023124500305453936, 0.023429817565282184, 0.023197548346718153, 0.02323818504710992, 0.023278983385364216, 0.023491021036108336, 0.02353860840300719, 0.023475301085909207, 0.02362060470680396, 0.02335428782204787, 0.02337335202395916, 0.023407079670826593, 0.023458529609441756, 0.023549324136972426, 0.023472338649630546, 0.023732098078727722, 0.02369100665549437, 0.02383154801130295, 0.023744852364063262, 0.023842800574501357, 0.02397409050265948, 0.024053276630242666, 0.023676647034287453, 0.02379395440518856, 0.02363391817609469, 0.023394060906767846, 0.023406488358974457, 0.023545875133077303, 0.023868872299790383, 0.023763161398967107, 0.023297862922151885, 0.023315804237127303, 0.023419596323370935, 0.02349373084406058, 0.02345041368305683, 0.023687816666563354, 0.02394413031140963, 0.02401415098508199, 0.024128030437231066, 0.024117947043975196, 0.024090147004524866, 0.02404658145606518, 0.02402202868958314, 0.023593560405572256, 0.02366157825291157, 0.02370444230735302, 0.023785741902391116, 0.023980855375528336, 0.02426084293027719, 0.023827291774749754, 0.023647915521264076, 0.023808145940303803, 0.024300732728838922, 0.024054058747490246, 0.023638752897580464, 0.023918753345807394, 0.024162212169170378, 0.024208350483576457, 0.02417832566201687, 0.02462294369339943, 0.02480317702094714, 0.024547960496942203, 0.02447948747674624, 0.024135448857148488, 0.02407947879731655, 0.023833567689855895, 0.02401495611468951, 0.023913910295565922, 0.023813373573621115, 0.02397782923181852, 0.024001630055904388, 0.024141625080506008, 0.024245844105879467, 0.024152944698929788, 0.023881140450636548, 0.023928364997108778, 0.024177682145436606, 0.024104244046409925, 0.02403730465173721, 0.024024520189563435], "fit_val": [0.007309635937213898, 0.007227246344089508, 0.0072444831728935245, 0.0072642556428909304, 0.007246988475322723, 0.007298537194728851, 0.007306846380233764, 0.007341553390026093, 0.007330950498580933, 0.0074568046927452085, 0.00733910858631134, 0.007342931032180786, 0.007394267678260803, 0.0075035027861595155, 0.007486156463623047, 0.00735221803188324, 0.007401820123195648, 0.007538905739784241, 0.007472776889801026, 0.007452556669712067, 0.007476332426071167, 0.007462180972099304, 0.007497134745121002, 0.007447340548038483, 0.00746284955739975, 0.007526468992233276, 0.007698274075984955, 0.007644918322563171, 0.007548060536384582, 0.007526229202747345, 0.007455851316452026, 0.007511634349822998, 0.007562755644321442, 0.007565036296844483, 0.007548031508922577, 0.0076190710663795475, 0.007602659523487091, 0.007770789325237274, 0.00756855046749115, 0.007679727256298065, 0.007747323155403137, 0.00763877147436142, 0.007621160984039307, 0.007642458915710449, 0.007627024352550507, 0.007523551702499389, 0.007517041563987732, 0.007567430138587952, 0.007660953223705292, 0.0074993733167648315, 0.007484084725379944, 0.007521584808826446, 0.007545502722263336, 0.007605676591396332, 0.007528641581535339, 0.007715352535247803, 0.007704023480415345, 0.007777197003364563, 0.007734302520751953, 0.007745748281478882, 0.007748505294322967, 0.0077700701355934145, 0.007654128849506378, 0.007603444218635559, 0.007627386152744293, 0.007654245376586914, 0.007622724890708923, 0.007859306871891021, 0.007690633535385132, 0.007597721338272094, 0.007634473979473114, 0.007737877190113067, 0.007647835731506348, 0.007691502928733825, 0.007600974380970001, 0.0077886290550231935, 0.0077240440845489505, 0.007686851441860199, 0.007903500258922577, 0.008070164859294892, 0.007897034525871276, 0.007901088356971741, 0.007764258623123169, 0.007751862764358521, 0.007740110576152801, 0.00766062331199646, 0.007725610375404358, 0.007689034223556519, 0.007717663526535034, 0.007697069108486176, 0.007779486238956451, 0.007799698352813721, 0.007828336536884308, 0.0077235038280487065, 0.007662479639053345, 0.0077370315790176395, 0.007725673079490661, 0.007761809468269348, 0.007708730161190033, 0.007715149998664856], "fit_reg": [0.018836198578278222, 0.018022541455427806, 0.01792734690805276, 0.017901523370047412, 0.01785863719234864, 0.017849657404919464, 0.01786283222635587, 0.017839327071110408, 0.017838488198320072, 0.017862340090672175, 0.017885867104430995, 0.01785270069340865, 0.01785862850646178, 0.01785635994474093, 0.017841946969429652, 0.017848382573823134, 0.017866251956423124, 0.017892573973039786, 0.017885728559394676, 0.017880825014909108, 0.01785582081824541, 0.017852611055473488, 0.017850126728912195, 0.01784488102843364, 0.017873229394853116, 0.017895263705650966, 0.017861584015687305, 0.017828631665805974, 0.01783135680258274, 0.017818500830729802, 0.017815947825709978, 0.017840616648395858, 0.017880105992158255, 0.017837872223059336, 0.017822110190490882, 0.017817647697528204, 0.017815081500510376, 0.017814177125692367, 0.017839584106206893, 0.017879470864435035, 0.017831102260947227, 0.017820061856508255, 0.017816491257150967, 0.017813186995685102, 0.017810004183650016, 0.017840819512307645, 0.017870582190652688, 0.017826886793474356, 0.017812608516712982, 0.017813915537297727, 0.017806989263494808, 0.017807380811870097, 0.01784407829840978, 0.01786728690067927, 0.01781893885632356, 0.01780799145201842, 0.017808805538217228, 0.01780834254125754, 0.01780585870295763, 0.017845229240258536, 0.017865355836351713, 0.017814398997525373, 0.01780633447120587, 0.017810203937192758, 0.017805007784068586, 0.01780532975097497, 0.01784898664702972, 0.017858084740738075, 0.017812413258850576, 0.017804880797863007, 0.017805121366182963, 0.017802632270256677, 0.01780343698710203, 0.01784953690171242, 0.017857257018486658, 0.01780908460319042, 0.01780778835862875, 0.017806058799723783, 0.017799450199802717, 0.017807128348449865, 0.01785000418126583, 0.01784844690312942, 0.017805843158066274, 0.017802453005313874, 0.017804676812887194, 0.017798165905475616, 0.017808191351095834, 0.017852231598397095, 0.01785174776961406, 0.017802229955792427, 0.017805990102390448, 0.017803971034288407, 0.017799183575312297, 0.017813085830708345, 0.017858491914967696, 0.017838694755236306, 0.017804594551523528, 0.01780479594518741, 0.017805428205927214, 0.017799702569345634],