{"fit": [0.05587070711453756, 0.05554233157237371, 0.055666527885198595, 0.055663238567113874, 0.055728188542524974, 0.056044877403974534, 0.055780402334531146, 0.05585718863209089, 0.05586789541443189, 0.05602364909052849, 0.056173304869731266, 0.056565927400191625, 0.05635100806752841, 0.05632719005147616, 0.056429690931240714, 0.056141061226526894, 0.056293456796805065, 0.056350729550917945, 0.05645592405398687, 0.05616604769428571, 0.05614618036746979, 0.05626428917447726, 0.05609296143054962, 0.05621225913564364, 0.05618966699838638, 0.056323265747229255, 0.05632486507892609, 0.05649055011471112, 0.05655822936097781, 0.056557486138741175, 0.056362390106916425, 0.056384139392773314, 0.0564537337521712, 0.05654921823143959, 0.05689968215425809, 0.056626201232274374, 0.05655627370874087, 0.05679316385587056, 0.05660177983840307, 0.05645445818106334, 0.056342015510797504, 0.05630626537601153, 0.05649802041848501, 0.05639133366346359, 0.056544551984469095, 0.0565204258620739, 0.0565389589548111, 0.056446943100293474, 0.05628093322118123, 0.05626795164346695, 0.056253585594892505, 0.05634128945668539, 0.0564312016248703, 0.05624853696425756, 0.056364303336540855, 0.05658876994649569, 0.05659472532272339, 0.0566005855679512, 0.05686058866977692, 0.05651646119952202, 0.05641965738733609, 0.05643181736667951, 0.05628574470281601, 0.05638361325661341, 0.05644853870868683, 0.05631904170115789, 0.056335572361946105, 0.0565561970214049, 0.056435117004315055, 0.0563468457420667, 0.05638712767362595, 0.05637223593195279, 0.05628865265250206, 0.05630273090402285, 0.05630381677945455, 0.056446552006403604, 0.05660945950746536, 0.056753720172246294, 0.05667442176938057, 0.056588279189666114, 0.056640005127588905, 0.05661002221306165, 0.056613006565968196, 0.05651634891629219, 0.05660362790425619, 0.05644042160113653, 0.05654110529820124, 0.05682224636077881, 0.05694942620595296, 0.057014950807889306, 0.056746591186523435, 0.056634988180796306, 0.05680171286066373, 0.05686827218135198, 0.056740779187281924, 0.05657437937060992, 0.05655816350976626, 0.05643530762394269, 0.05650620626608531, 0.05656337289611499], "fit_val": [0.017735828280448913, 0.017865662574768067, 0.017794479966163634, 0.01781614661216736, 0.01781172561645508, 0.01783548653125763, 0.017961957573890686, 0.017880123019218444, 0.017895695805549623, 0.017964385271072386, 0.018074918031692505, 0.018119034409523012, 0.017987751841545104, 0.01817015266418457, 0.01802470338344574, 0.018045508742332458, 0.01803989315032959, 0.018138129949569703, 0.018068726062774657, 0.017965299010276794, 0.017954983592033385, 0.017991021156311036, 0.017941732883453368, 0.018041272759437562, 0.017998450875282287, 0.018057191610336303, 0.018095828771591188, 0.01807636523246765, 0.01815210235118866, 0.018087612867355347, 0.018066809415817262, 0.018060460209846498, 0.018073469400405884, 0.01818188965320587, 0.018249990940093993, 0.018074800968170168, 0.018193384170532227, 0.018186959266662597, 0.018162055253982543, 0.018036739945411683, 0.01806187975406647, 0.018037595629692076, 0.018089561939239503, 0.018131689190864563, 0.018121827483177186, 0.018127180337905884, 0.018098055839538576, 0.018080167531967162, 0.018030118346214295, 0.018009395360946655, 0.018023160099983216, 0.018085956573486328, 0.018027783989906312, 0.018037658810615538, 0.01806974673271179, 0.018168539881706237, 0.018096549034118652, 0.018195252418518066, 0.018142537593841553, 0.018073820948600768, 0.0180765882730484, 0.018065409421920777, 0.018062327384948732, 0.018087684154510498, 0.01806225097179413, 0.018012444376945495, 0.01812942671775818, 0.018096094369888304, 0.018059295773506165, 0.018066248536109924, 0.018060275912284852, 0.01801940619945526, 0.018036585807800293, 0.0180157173871994, 0.018043568730354308, 0.018087583780288696, 0.01824935472011566, 0.018157944798469543, 0.018164276242256163, 0.0181465984582901, 0.01812704074382782, 0.018120588779449463, 0.018141257882118227, 0.018058858752250672, 0.018099672317504884, 0.018071643948554993, 0.018163539052009584, 0.018227447032928466, 0.018269482254981994, 0.01825986087322235, 0.018118296027183532, 0.018139044880867004, 0.01821701657772064, 0.018207500696182252, 0.018146456837654115, 0.0181055908203125, 0.018081705808639527, 0.01808529794216156, 0.018108612656593324, 0.01814675986766815], "fit_reg": [0.05006459827423096, 0.04916658367117246, 0.04905441831946373, 0.04903534976442655, 0.04900510369737943, 0.04895934589306514, 0.04898080461422602, 0.048961486814419426, 0.04894611687858899, 0.04895451853473981, 0.04898299678961436, 0.04896993469397227, 0.0489919942398866, 0.04898121559023857, 0.04896428243319194, 0.0489273488342762, 0.048952967512607574, 0.04897992250323296, 0.049003022803862886, 0.04897129582365354, 0.04895595275163651, 0.048932624226808545, 0.04894182899792989, 0.0489426634033521, 0.048978751522302626, 0.048977637676397956, 0.04893594749569893, 0.048903902679681775, 0.04891337768038114, 0.04887183875838916, 0.048900806854168574, 0.048959623628854754, 0.04895531037847201, 0.04890399571657181, 0.048916414537032445, 0.048895556171735126, 0.04888923243880272, 0.04891230345169703, 0.04895824476480484, 0.04894885644117991, 0.04889669630924861, 0.04888378026882807, 0.048893161294857664, 0.04888993745048841, 0.04893197861115138, 0.04895479714473089, 0.04890210267305374, 0.048894905720154445, 0.0488761691113313, 0.048888745454947154, 0.04888698456486066, 0.0489414297024409, 0.048932377521197, 0.04889038235743841, 0.048897580343484875, 0.04887463092803955, 0.048873301180203756, 0.04888679242134094, 0.048947095628579455, 0.04890437268813451, 0.04888463598489761, 0.048880287996927896, 0.048857845109701155, 0.04888601953784625, 0.04890861887931824, 0.04893769710858663, 0.04888503118952115, 0.04889801074663798, 0.048889688489834465, 0.048874756705760955, 0.048864936474959056, 0.04894717403054237, 0.048905338833729425, 0.04889140711824099, 0.04889674301544825, 0.04887075496315956, 0.048870580887794494, 0.04889749403595924, 0.04894905474583308, 0.048908291443188985, 0.0488751143236955, 0.04888174012899399, 0.04886979375084241, 0.04885895823836327, 0.04889569902221362, 0.04893667026956876, 0.04888908577362696, 0.04887671284476916, 0.04888764568368594, 0.048871961251894636, 0.04890696435769399, 0.04894385046362877, 0.04891579177180926, 0.04889729674657186, 0.04889138773878415, 0.04889036922057469, 0.048867106876770657, 0.048909157478809355, 0.04895509282946586, 0.04890425322850545],